{"initial_reset_timestamp": 1631095355.0334013, "timestamps": [1631095361.371565, 1631095364.8924766, 1631095370.3769321, 1631095376.1523647, 1631095379.264681, 1631095383.5084717, 1631095388.4930944, 1631095391.716602, 1631095394.300196, 1631095397.3361688, 1631095400.9437928, 1631095405.3899448, 1631095408.6604383, 1631095413.7991161, 1631095418.7042265, 1631095421.4056668, 1631095423.7500665, 1631095426.4747398, 1631095429.0734563, 1631095432.6173937, 1631095437.5113578, 1631095439.3067358, 1631095443.665158, 1631095445.8502057, 1631095447.960888, 1631095451.682987, 1631095455.137655, 1631095457.104106, 1631095460.3855486, 1631095463.8735013, 1631095467.418091, 1631095470.9669402, 1631095475.7768102, 1631095481.123922, 1631095486.308595, 1631095489.4158518, 1631095496.4058084, 1631095498.4191933, 1631095502.8135328, 1631095510.0158343, 1631095513.2480414, 1631095517.0285704, 1631095519.6467257, 1631095522.9785733, 1631095531.0783331, 1631095534.2639554, 1631095537.0712876, 1631095542.4365578, 1631095545.8635225, 1631095553.4263804, 1631095557.6284907, 1631095567.5805514, 1631095574.682777, 1631095579.3507757, 1631095583.8194168, 1631095589.3125396, 1631095594.9786081, 1631095597.6868958, 1631095600.9265416, 1631095611.4791794, 1631095616.3033783, 1631095621.1093717, 1631095624.9325528, 1631095631.2319596, 1631095638.851723, 1631095642.5366888, 1631095649.3271194, 1631095655.6590707, 1631095660.153272, 1631095666.6692262, 1631095674.1799417, 1631095680.9488497, 1631095685.667231, 1631095689.3475459, 1631095695.166575, 1631095697.7099502, 1631095703.8646429, 1631095711.6583803, 1631095718.834102, 1631095724.679091, 1631095730.7776124, 1631095736.8449395, 1631095742.6670077, 1631095746.59754, 1631095751.5746644, 1631095761.5807734, 1631095765.7438128, 1631095770.2792795, 1631095775.0211604, 1631095778.8367057, 1631095782.0896714, 1631095785.2404287, 1631095790.21371, 1631095798.5008526, 1631095804.165258, 1631095809.2015884, 1631095813.8121386, 1631095818.349696, 1631095821.9071777, 1631095826.368596, 1631095833.5354784, 1631095840.2768364, 1631095847.2434683], "episode_lengths": [1085, 609, 935, 901, 529, 738, 879, 480, 391, 499, 647, 822, 576, 900, 787, 399, 375, 481, 427, 646, 886, 308, 728, 388, 361, 678, 502, 323, 483, 594, 601, 531, 812, 894, 867, 468, 1046, 329, 634, 1207, 575, 583, 374, 581, 1315, 566, 480, 931, 613, 1212, 689, 1090, 708, 401, 473, 590, 746, 365, 415, 1310, 601, 499, 478, 732, 931, 356, 806, 839, 615, 863, 965, 903, 633, 441, 785, 353, 806, 940, 768, 715, 780, 755, 734, 473, 569, 1353, 599, 647, 597, 533, 472, 407, 651, 1051, 701, 617, 645, 598, 488, 648, 1055, 921, 951], "episode_rewards": [460.0, 110.0, 205.0, 335.0, 105.0, 105.0, 250.0, 70.0, 45.0, 110.0, 110.0, 140.0, 30.0, 235.0, 200.0, 35.0, 95.0, 65.0, 80.0, 195.0, 250.0, 20.0, 125.0, 75.0, 65.0, 165.0, 80.0, 15.0, 110.0, 120.0, 110.0, 50.0, 185.0, 180.0, 210.0, 50.0, 280.0, 5.0, 210.0, 550.0, 180.0, 65.0, 55.0, 110.0, 595.0, 90.0, 80.0, 360.0, 125.0, 450.0, 150.0, 145.0, 155.0, 80.0, 105.0, 155.0, 130.0, 55.0, 80.0, 285.0, 210.0, 105.0, 125.0, 145.0, 215.0, 30.0, 230.0, 500.0, 80.0, 240.0, 280.0, 235.0, 120.0, 50.0, 135.0, 35.0, 190.0, 220.0, 160.0, 180.0, 125.0, 155.0, 155.0, 90.0, 105.0, 430.0, 125.0, 165.0, 45.0, 55.0, 85.0, 40.0, 155.0, 260.0, 95.0, 95.0, 100.0, 150.0, 80.0, 170.0, 205.0, 150.0, 290.0], "episode_types": ["t", "t", "t", "t", "t", "t", "t", "t", "t", "t", "t", "t", "t", "t", "t", "t", "t", "t", "t", "t", "t", "t", "t", "t", "t", "t", "t", "t", "t", "t", "t", "t", "t", "t", "t", "t", "t", "t", "t", "t", "t", "t", "t", "t", "t", "t", "t", "t", "t", "t", "t", "t", "t", "t", "t", "t", "t", "t", "t", "t", "t", "t", "t", "t", "t", "t", "t", "t", "t", "t", "t", "t", "t", "t", "t", "t", "t", "t", "t", "t", "t", "t", "t", "t", "t", "t", "t", "t", "t", "t", "t", "t", "t", "t", "t", "t", "t", "t", "t", "t", "t", "t", "t", "t", "t"]}